{
  "timestamp": "2026-02-10T21:06:05.087936",
  "xgboost": {
    "validation": {
      "model_name": "XGBoost",
      "dataset": "Validation",
      "accuracy": 0.9383304940374787,
      "precision": 0.9849227289860535,
      "recall": 0.8902896081771721,
      "f1": 0.9352183249821046,
      "roc_auc": 0.9661064111977572,
      "specificity": 0.9863713798977853,
      "tn": 2895,
      "fp": 40,
      "fn": 322,
      "tp": 2613,
      "fpr": 0.013628620102214651,
      "fnr": 0.10971039182282794
    }
  },
  "lightgbm": {
    "validation": {
      "model_name": "LightGBM",
      "dataset": "Validation",
      "accuracy": 0.9364565587734242,
      "precision": 0.9833962264150944,
      "recall": 0.8879045996592845,
      "f1": 0.9332139659803044,
      "roc_auc": 0.9666563155710467,
      "specificity": 0.9850085178875639,
      "tn": 2891,
      "fp": 44,
      "fn": 329,
      "tp": 2606,
      "fpr": 0.014991482112436116,
      "fnr": 0.11209540034071551
    }
  },
  "tuned_model": {
    "validation": {
      "model_name": "XGBoost (Tuned)",
      "dataset": "Validation",
      "accuracy": 0.938160136286201,
      "precision": 0.9852830188679246,
      "recall": 0.8896081771720613,
      "f1": 0.9350044762757386,
      "roc_auc": 0.9659734915212919,
      "specificity": 0.9867120954003407,
      "tn": 2896,
      "fp": 39,
      "fn": 324,
      "tp": 2611,
      "fpr": 0.013287904599659284,
      "fnr": 0.11039182282793868
    },
    "model_type": "xgb",
    "best_params": {
      "learning_rate": 0.08,
      "max_depth": 5,
      "n_estimators": 220
    }
  },
  "best_overall": {
    "model_name": "Logistic Regression + TF-IDF",
    "metrics": {
      "model_name": "Logistic Regression + TF-IDF",
      "accuracy": 0.9517887563884156,
      "precision": 0.9776657060518732,
      "recall": 0.924701873935264,
      "f1": 0.9504465067413763,
      "roc_auc": 0.9839485850439245,
      "fnr": 0.07529812606473595
    }
  }
}